Workbook

Sheet Instructions
A1: Interaction QA Flow - Macro-Free Excel Template
A2: Use this workbook when a company prefers Excel over a public website. It contains no macros and stores data only in the workbook.
A4: How to use
A5: 1. Go to the Flow sheet.
A6: 2. Add prepared questions with Path Type = Prepared and blank Parent ID.
A7: 3. When an answer reveals a new question, add a new row with Path Type = Follow-up and Parent ID set to the row it branches from.
A8: 4. Use Return To Node ID / Return To Question to show where the branch returns.
A9: 5. Use Status to track Draft, Asked, Answered, Needs follow-up, or Complete.
A10: 6. Use filters to focus on prepared path, follow-ups, owner/source, or status.
A11: 7. Use the Report sheet for a cleaner read-only view of the same rows.
A13: Privacy / security posture
A14: This workbook is macro-free (.xlsx), so it should not trigger macro security warnings.
... A23: Return To: Where the follow-up path returns after the branch is answered.

Sheet Flow
A1: Node ID | B1: Parent ID | C1: Path Type | D1: Level | E1: Question | F1: Answer | G1: Return To Node ID | H1: Return To Question | I1: Status | J1: Owner/Source | K1: Last Updated | L1: Notes
D2: =IF(C2="Prepared",0,IF(B2="","",1+IFERROR(XLOOKUP(B2,$A$2:$A$101,$D$2:$D$101),0))) | K2: =IF(OR(E2<>"",F2<>""),TODAY(),"")
D3: =IF(C3="Prepared",0,IF(B3="","",1+IFERROR(XLOOKUP(B3,$A$2:$A$101,$D$2:$D$101),0))) | K3: =IF(OR(E3<>"",F3<>""),TODAY(),"")
D4: =IF(C4="Prepared",0,IF(B4="","",1+IFERROR(XLOOKUP(B4,$A$2:$A$101,$D$2:$D$101),0))) | K4: =IF(OR(E4<>"",F4<>""),TODAY(),"")
D5: =IF(C5="Prepared",0,IF(B5="","",1+IFERROR(XLOOKUP(B5,$A$2:$A$101,$D$2:$D$101),0))) | K5: =IF(OR(E5<>"",F5<>""),TODAY(),"")
D6: =IF(C6="Prepared",0,IF(B6="","",1+IFERROR(XLOOKUP(B6,$A$2:$A$101,$D$2:$D$101),0))) | K6: =IF(OR(E6<>"",F6<>""),TODAY(),"")
D7: =IF(C7="Prepared",0,IF(B7="","",1+IFERROR(XLOOKUP(B7,$A$2:$A$101,$D$2:$D$101),0))) | K7: =IF(OR(E7<>"",F7<>""),TODAY(),"")
D8: =IF(C8="Prepared",0,IF(B8="","",1+IFERROR(XLOOKUP(B8,$A$2:$A$101,$D$2:$D$101),0))) | K8: =IF(OR(E8<>"",F8<>""),TODAY(),"")
D9: =IF(C9="Prepared",0,IF(B9="","",1+IFERROR(XLOOKUP(B9,$A$2:$A$101,$D$2:$D$101),0))) | K9: =IF(OR(E9<>"",F9<>""),TODAY(),"")
D10: =IF(C10="Prepared",0,IF(B10="","",1+IFERROR(XLOOKUP(B10,$A$2:$A$101,$D$2:$D$101),0))) | K10: =IF(OR(E10<>"",F10<>""),TODAY(),"")
D11: =IF(C11="Prepared",0,IF(B11="","",1+IFERROR(XLOOKUP(B11,$A$2:$A$101,$D$2:$D$101),0))) | K11: =IF(OR(E11<>"",F11<>""),TODAY(),"")
D12: =IF(C12="Prepared",0,IF(B12="","",1+IFERROR(XLOOKUP(B12,$A$2:$A$101,$D$2:$D$101),0))) | K12: =IF(OR(E12<>"",F12<>""),TODAY(),"")
D13: =IF(C13="Prepared",0,IF(B13="","",1+IFERROR(XLOOKUP(B13,$A$2:$A$101,$D$2:$D$101),0))) | K13: =IF(OR(E13<>"",F13<>""),TODAY(),"")
... D101: =IF(C101="Prepared",0,IF(B101="","",1+IFERROR(XLOOKUP(B101,$A$2:$A$101,$D$2:$D$101),0))) | K101: =IF(OR(E101<>"",F101<>""),TODAY(),"")

Sheet Report
A1: Interaction QA Flow Report
A2: This sheet mirrors the Flow sheet for review, printing, or PDF export.
A4: Path | B4: Level | C4: Question | D4: Answer | E4: Status | F4: Return To | G4: Notes
A5: =IF(Flow!A2="","",Flow!C2) | B5: =IF(Flow!A2="","",Flow!D2) | C5: =IF(Flow!A2="","",REPT(" ",Flow!D2)&Flow!E2) | D5: =IF(Flow!A2="","",Flow!F2) | E5: =IF(Flow!A2="","",Flow!I2) | F5: =IF(Flow!A2="","",Flow!H2) | G5: =IF(Flow!A2="","",Flow!L2)
A6: =IF(Flow!A3="","",Flow!C3) | B6: =IF(Flow!A3="","",Flow!D3) | C6: =IF(Flow!A3="","",REPT(" ",Flow!D3)&Flow!E3) | D6: =IF(Flow!A3="","",Flow!F3) | E6: =IF(Flow!A3="","",Flow!I3) | F6: =IF(Flow!A3="","",Flow!H3) | G6: =IF(Flow!A3="","",Flow!L3)
A7: =IF(Flow!A4="","",Flow!C4) | B7: =IF(Flow!A4="","",Flow!D4) | C7: =IF(Flow!A4="","",REPT(" ",Flow!D4)&Flow!E4) | D7: =IF(Flow!A4="","",Flow!F4) | E7: =IF(Flow!A4="","",Flow!I4) | F7: =IF(Flow!A4="","",Flow!H4) | G7: =IF(Flow!A4="","",Flow!L4)
A8: =IF(Flow!A5="","",Flow!C5) | B8: =IF(Flow!A5="","",Flow!D5) | C8: =IF(Flow!A5="","",REPT(" ",Flow!D5)&Flow!E5) | D8: =IF(Flow!A5="","",Flow!F5) | E8: =IF(Flow!A5="","",Flow!I5) | F8: =IF(Flow!A5="","",Flow!H5) | G8: =IF(Flow!A5="","",Flow!L5)
A9: =IF(Flow!A6="","",Flow!C6) | B9: =IF(Flow!A6="","",Flow!D6) | C9: =IF(Flow!A6="","",REPT(" ",Flow!D6)&Flow!E6) | D9: =IF(Flow!A6="","",Flow!F6) | E9: =IF(Flow!A6="","",Flow!I6) | F9: =IF(Flow!A6="","",Flow!H6) | G9: =IF(Flow!A6="","",Flow!L6)
A10: =IF(Flow!A7="","",Flow!C7) | B10: =IF(Flow!A7="","",Flow!D7) | C10: =IF(Flow!A7="","",REPT(" ",Flow!D7)&Flow!E7) | D10: =IF(Flow!A7="","",Flow!F7) | E10: =IF(Flow!A7="","",Flow!I7) | F10: =IF(Flow!A7="","",Flow!H7) | G10: =IF(Flow!A7="","",Flow!L7)
A11: =IF(Flow!A8="","",Flow!C8) | B11: =IF(Flow!A8="","",Flow!D8) | C11: =IF(Flow!A8="","",REPT(" ",Flow!D8)&Flow!E8) | D11: =IF(Flow!A8="","",Flow!F8) | E11: =IF(Flow!A8="","",Flow!I8) | F11: =IF(Flow!A8="","",Flow!H8) | G11: =IF(Flow!A8="","",Flow!L8)
A12: =IF(Flow!A9="","",Flow!C9) | B12: =IF(Flow!A9="","",Flow!D9) | C12: =IF(Flow!A9="","",REPT(" ",Flow!D9)&Flow!E9) | D12: =IF(Flow!A9="","",Flow!F9) | E12: =IF(Flow!A9="","",Flow!I9) | F12: =IF(Flow!A9="","",Flow!H9) | G12: =IF(Flow!A9="","",Flow!L9)
A13: =IF(Flow!A10="","",Flow!C10) | B13: =IF(Flow!A10="","",Flow!D10) | C13: =IF(Flow!A10="","",REPT(" ",Flow!D10)&Flow!E10) | D13: =IF(Flow!A10="","",Flow!F10) | E13: =IF(Flow!A10="","",Flow!I10) | F13: =IF(Flow!A10="","",Flow!H10) | G13: =IF(Flow!A10="","",Flow!L10)
A14: =IF(Flow!A11="","",Flow!C11) | B14: =IF(Flow!A11="","",Flow!D11) | C14: =IF(Flow!A11="","",REPT(" ",Flow!D11)&Flow!E11) | D14: =IF(Flow!A11="","",Flow!F11) | E14: =IF(Flow!A11="","",Flow!I11) | F14: =IF(Flow!A11="","",Flow!H11) | G14: =IF(Flow!A11="","",Flow!L11)
A15: =IF(Flow!A12="","",Flow!C12) | B15: =IF(Flow!A12="","",Flow!D12) | C15: =IF(Flow!A12="","",REPT(" ",Flow!D12)&Flow!E12) | D15: =IF(Flow!A12="","",Flow!F12) | E15: =IF(Flow!A12="","",Flow!I12) | F15: =IF(Flow!A12="","",Flow!H12) | G15: =IF(Flow!A12="","",Flow!L12)
A16: =IF(Flow!A13="","",Flow!C13) | B16: =IF(Flow!A13="","",Flow!D13) | C16: =IF(Flow!A13="","",REPT(" ",Flow!D13)&Flow!E13) | D16: =IF(Flow!A13="","",Flow!F13) | E16: =IF(Flow!A13="","",Flow!I13) | F16: =IF(Flow!A13="","",Flow!H13) | G16: =IF(Flow!A13="","",Flow!L13)
... A104: =IF(Flow!A101="","",Flow!C101) | B104: =IF(Flow!A101="","",Flow!D101) | C104: =IF(Flow!A101="","",REPT(" ",Flow!D101)&Flow!E101) | D104: =IF(Flow!A101="","",Flow!F101) | E104: =IF(Flow!A101="","",Flow!I101) | F104: =IF(Flow!A101="","",Flow!H101) | G104: =IF(Flow!A101="","",Flow!L101)

Sheet Templates
A1: Template | B1: Sequence | C1: Question
A2: Support call | B2: 1 | C2: What issue or request is being reported?
A3: Support call | B3: 2 | C3: When did it start or when was it first noticed?
A4: Support call | B4: 3 | C4: What steps have already been tried?
A5: Support call | B5: 4 | C5: What outcome would resolve this for the user?
A6: Incident report | B6: 1 | C6: What happened?
A7: Incident report | B7: 2 | C7: Where did it happen?
A8: Incident report | B8: 3 | C8: When did it happen?
A9: Incident report | B9: 4 | C9: Who or what was affected?
A10: Incident report | B10: 5 | C10: What immediate action was taken?
A11: Audit checklist | B11: 1 | C11: What process, control, or record is being reviewed?
A12: Audit checklist | B12: 2 | C12: What evidence is available?
A13: Audit checklist | B13: 3 | C13: Does the evidence match the expected requirement?
... A19: Requirements discovery | B19: 5 | C19: What questions remain open?
